[07-Apr-2025 03:44:17 UTC] PHP Warning:  include(/var/www/html/wp-content/themes/twentytwentyfive/functions.php): Failed to open stream: No such file or directory in /var/www/html/wp-settings.php on line 672
[07-Apr-2025 03:44:17 UTC] PHP Warning:  include(): Failed opening '/var/www/html/wp-content/themes/twentytwentyfive/functions.php' for inclusion (include_path='.:') in /var/www/html/wp-settings.php on line 672
[07-Apr-2025 03:44:17 UTC] PHP Warning:  file_get_contents(/var/www/html/wp-content/themes/twentytwentyfive/style.css): Failed to open stream: No such file or directory in /var/www/html/wp-includes/functions.php on line 6893
[07-Apr-2025 03:44:29 UTC] PHP Warning:  Trying to access array offset on value of type bool in /var/www/html/wp-content/themes/storefront/inc/storefront-template-functions.php on line 828
[07-Apr-2025 03:44:29 UTC] PHP Warning:  Trying to access array offset on value of type bool in /var/www/html/wp-content/themes/storefront/inc/storefront-template-functions.php on line 829
[07-Apr-2025 03:44:29 UTC] PHP Warning:  Trying to access array offset on value of type bool in /var/www/html/wp-content/themes/storefront/inc/storefront-template-functions.php on line 830
[07-Apr-2025 03:44:29 UTC] PHP Warning:  Trying to access array offset on value of type bool in /var/www/html/wp-content/themes/storefront/inc/storefront-template-functions.php on line 838
[07-Apr-2025 03:44:29 UTC] PHP Warning:  Trying to access array offset on value of type bool in /var/www/html/wp-content/themes/storefront/inc/storefront-template-functions.php on line 839
[07-Apr-2025 03:44:29 UTC] PHP Warning:  Trying to access array offset on value of type bool in /var/www/html/wp-content/themes/storefront/inc/storefront-template-functions.php on line 840
[07-Apr-2025 03:44:33 UTC] PHP Warning:  Trying to access array offset on value of type bool in /var/www/html/wp-content/themes/storefront/inc/storefront-template-functions.php on line 828
[07-Apr-2025 03:44:33 UTC] PHP Warning:  Trying to access array offset on value of type bool in /var/www/html/wp-content/themes/storefront/inc/storefront-template-functions.php on line 829
[07-Apr-2025 03:44:33 UTC] PHP Warning:  Trying to access array offset on value of type bool in /var/www/html/wp-content/themes/storefront/inc/storefront-template-functions.php on line 830
[07-Apr-2025 03:44:33 UTC] PHP Warning:  Trying to access array offset on value of type bool in /var/www/html/wp-content/themes/storefront/inc/storefront-template-functions.php on line 838
[07-Apr-2025 03:44:33 UTC] PHP Warning:  Trying to access array offset on value of type bool in /var/www/html/wp-content/themes/storefront/inc/storefront-template-functions.php on line 839
[07-Apr-2025 03:44:33 UTC] PHP Warning:  Trying to access array offset on value of type bool in /var/www/html/wp-content/themes/storefront/inc/storefront-template-functions.php on line 840
[07-Apr-2025 03:44:34 UTC] PHP Warning:  Trying to access array offset on value of type bool in /var/www/html/wp-content/themes/storefront/inc/storefront-template-functions.php on line 828
[07-Apr-2025 03:44:34 UTC] PHP Warning:  Trying to access array offset on value of type bool in /var/www/html/wp-content/themes/storefront/inc/storefront-template-functions.php on line 829
[07-Apr-2025 03:44:34 UTC] PHP Warning:  Trying to access array offset on value of type bool in /var/www/html/wp-content/themes/storefront/inc/storefront-template-functions.php on line 830
[07-Apr-2025 03:44:34 UTC] PHP Warning:  Trying to access array offset on value of type bool in /var/www/html/wp-content/themes/storefront/inc/storefront-template-functions.php on line 838
[07-Apr-2025 03:44:34 UTC] PHP Warning:  Trying to access array offset on value of type bool in /var/www/html/wp-content/themes/storefront/inc/storefront-template-functions.php on line 839
[07-Apr-2025 03:44:34 UTC] PHP Warning:  Trying to access array offset on value of type bool in /var/www/html/wp-content/themes/storefront/inc/storefront-template-functions.php on line 840
[07-Apr-2025 03:44:52 UTC] PHP Warning:  Trying to access array offset on value of type bool in /var/www/html/wp-content/themes/storefront/inc/storefront-template-functions.php on line 828
[07-Apr-2025 03:44:52 UTC] PHP Warning:  Trying to access array offset on value of type bool in /var/www/html/wp-content/themes/storefront/inc/storefront-template-functions.php on line 829
[07-Apr-2025 03:44:52 UTC] PHP Warning:  Trying to access array offset on value of type bool in /var/www/html/wp-content/themes/storefront/inc/storefront-template-functions.php on line 830
[07-Apr-2025 03:44:52 UTC] PHP Warning:  Trying to access array offset on value of type bool in /var/www/html/wp-content/themes/storefront/inc/storefront-template-functions.php on line 838
[07-Apr-2025 03:44:52 UTC] PHP Warning:  Trying to access array offset on value of type bool in /var/www/html/wp-content/themes/storefront/inc/storefront-template-functions.php on line 839
[07-Apr-2025 03:44:52 UTC] PHP Warning:  Trying to access array offset on value of type bool in /var/www/html/wp-content/themes/storefront/inc/storefront-template-functions.php on line 840
[07-Apr-2025 03:45:03 UTC] PHP Warning:  Trying to access array offset on value of type bool in /var/www/html/wp-content/themes/storefront/inc/storefront-template-functions.php on line 828
[07-Apr-2025 03:45:03 UTC] PHP Warning:  Trying to access array offset on value of type bool in /var/www/html/wp-content/themes/storefront/inc/storefront-template-functions.php on line 829
[07-Apr-2025 03:45:03 UTC] PHP Warning:  Trying to access array offset on value of type bool in /var/www/html/wp-content/themes/storefront/inc/storefront-template-functions.php on line 830
[07-Apr-2025 03:45:03 UTC] PHP Warning:  Trying to access array offset on value of type bool in /var/www/html/wp-content/themes/storefront/inc/storefront-template-functions.php on line 838
[07-Apr-2025 03:45:03 UTC] PHP Warning:  Trying to access array offset on value of type bool in /var/www/html/wp-content/themes/storefront/inc/storefront-template-functions.php on line 839
[07-Apr-2025 03:45:03 UTC] PHP Warning:  Trying to access array offset on value of type bool in /var/www/html/wp-content/themes/storefront/inc/storefront-template-functions.php on line 840
[07-Apr-2025 03:45:04 UTC] PHP Warning:  Trying to access array offset on value of type bool in /var/www/html/wp-content/themes/storefront/inc/storefront-template-functions.php on line 828
[07-Apr-2025 03:45:04 UTC] PHP Warning:  Trying to access array offset on value of type bool in /var/www/html/wp-content/themes/storefront/inc/storefront-template-functions.php on line 829
[07-Apr-2025 03:45:04 UTC] PHP Warning:  Trying to access array offset on value of type bool in /var/www/html/wp-content/themes/storefront/inc/storefront-template-functions.php on line 830
[07-Apr-2025 03:45:04 UTC] PHP Warning:  Trying to access array offset on value of type bool in /var/www/html/wp-content/themes/storefront/inc/storefront-template-functions.php on line 838
[07-Apr-2025 03:45:04 UTC] PHP Warning:  Trying to access array offset on value of type bool in /var/www/html/wp-content/themes/storefront/inc/storefront-template-functions.php on line 839
[07-Apr-2025 03:45:04 UTC] PHP Warning:  Trying to access array offset on value of type bool in /var/www/html/wp-content/themes/storefront/inc/storefront-template-functions.php on line 840
[07-Apr-2025 03:45:19 UTC] PHP Warning:  Trying to access array offset on value of type bool in /var/www/html/wp-content/themes/storefront/inc/storefront-template-functions.php on line 828
[07-Apr-2025 03:45:19 UTC] PHP Warning:  Trying to access array offset on value of type bool in /var/www/html/wp-content/themes/storefront/inc/storefront-template-functions.php on line 829
[07-Apr-2025 03:45:19 UTC] PHP Warning:  Trying to access array offset on value of type bool in /var/www/html/wp-content/themes/storefront/inc/storefront-template-functions.php on line 830
[07-Apr-2025 03:45:19 UTC] PHP Warning:  Trying to access array offset on value of type bool in /var/www/html/wp-content/themes/storefront/inc/storefront-template-functions.php on line 838
[07-Apr-2025 03:45:19 UTC] PHP Warning:  Trying to access array offset on value of type bool in /var/www/html/wp-content/themes/storefront/inc/storefront-template-functions.php on line 839
[07-Apr-2025 03:45:19 UTC] PHP Warning:  Trying to access array offset on value of type bool in /var/www/html/wp-content/themes/storefront/inc/storefront-template-functions.php on line 840
[07-Apr-2025 03:46:23 UTC] PHP Warning:  Trying to access array offset on value of type bool in /var/www/html/wp-content/themes/storefront/inc/storefront-template-functions.php on line 828
[07-Apr-2025 03:46:23 UTC] PHP Warning:  Trying to access array offset on value of type bool in /var/www/html/wp-content/themes/storefront/inc/storefront-template-functions.php on line 829
[07-Apr-2025 03:46:23 UTC] PHP Warning:  Trying to access array offset on value of type bool in /var/www/html/wp-content/themes/storefront/inc/storefront-template-functions.php on line 830
[07-Apr-2025 03:46:23 UTC] PHP Warning:  Trying to access array offset on value of type bool in /var/www/html/wp-content/themes/storefront/inc/storefront-template-functions.php on line 838
[07-Apr-2025 03:46:23 UTC] PHP Warning:  Trying to access array offset on value of type bool in /var/www/html/wp-content/themes/storefront/inc/storefront-template-functions.php on line 839
[07-Apr-2025 03:46:23 UTC] PHP Warning:  Trying to access array offset on value of type bool in /var/www/html/wp-content/themes/storefront/inc/storefront-template-functions.php on line 840
[07-Apr-2025 03:47:16 UTC] PHP Warning:  Trying to access array offset on value of type bool in /var/www/html/wp-content/themes/storefront/inc/storefront-template-functions.php on line 828
[07-Apr-2025 03:47:16 UTC] PHP Warning:  Trying to access array offset on value of type bool in /var/www/html/wp-content/themes/storefront/inc/storefront-template-functions.php on line 829
[07-Apr-2025 03:47:16 UTC] PHP Warning:  Trying to access array offset on value of type bool in /var/www/html/wp-content/themes/storefront/inc/storefront-template-functions.php on line 830
[07-Apr-2025 03:47:16 UTC] PHP Warning:  Trying to access array offset on value of type bool in /var/www/html/wp-content/themes/storefront/inc/storefront-template-functions.php on line 838
[07-Apr-2025 03:47:16 UTC] PHP Warning:  Trying to access array offset on value of type bool in /var/www/html/wp-content/themes/storefront/inc/storefront-template-functions.php on line 839
[07-Apr-2025 03:47:16 UTC] PHP Warning:  Trying to access array offset on value of type bool in /var/www/html/wp-content/themes/storefront/inc/storefront-template-functions.php on line 840
[07-Apr-2025 03:47:34 UTC] PHP Fatal error:  Array and string offset access syntax with curly braces is no longer supported in /var/www/html/wp-content/plugins/woocommerce/includes/wc-formatting-functions.php on line 539
[07-Apr-2025 03:49:29 UTC] PHP Warning:  Trying to access array offset on value of type bool in /var/www/html/wp-content/themes/storefront/inc/storefront-template-functions.php on line 828
[07-Apr-2025 03:49:29 UTC] PHP Warning:  Trying to access array offset on value of type bool in /var/www/html/wp-content/themes/storefront/inc/storefront-template-functions.php on line 829
[07-Apr-2025 03:49:29 UTC] PHP Warning:  Trying to access array offset on value of type bool in /var/www/html/wp-content/themes/storefront/inc/storefront-template-functions.php on line 830
[07-Apr-2025 03:49:29 UTC] PHP Warning:  Trying to access array offset on value of type bool in /var/www/html/wp-content/themes/storefront/inc/storefront-template-functions.php on line 838
[07-Apr-2025 03:49:29 UTC] PHP Warning:  Trying to access array offset on value of type bool in /var/www/html/wp-content/themes/storefront/inc/storefront-template-functions.php on line 839
[07-Apr-2025 03:49:29 UTC] PHP Warning:  Trying to access array offset on value of type bool in /var/www/html/wp-content/themes/storefront/inc/storefront-template-functions.php on line 840
[07-Apr-2025 03:49:41 UTC] PHP Warning:  Trying to access array offset on value of type bool in /var/www/html/wp-content/themes/storefront/inc/storefront-template-functions.php on line 828
[07-Apr-2025 03:49:41 UTC] PHP Warning:  Trying to access array offset on value of type bool in /var/www/html/wp-content/themes/storefront/inc/storefront-template-functions.php on line 829
[07-Apr-2025 03:49:41 UTC] PHP Warning:  Trying to access array offset on value of type bool in /var/www/html/wp-content/themes/storefront/inc/storefront-template-functions.php on line 830
[07-Apr-2025 03:49:41 UTC] PHP Warning:  Trying to access array offset on value of type bool in /var/www/html/wp-content/themes/storefront/inc/storefront-template-functions.php on line 838
[07-Apr-2025 03:49:41 UTC] PHP Warning:  Trying to access array offset on value of type bool in /var/www/html/wp-content/themes/storefront/inc/storefront-template-functions.php on line 839
[07-Apr-2025 03:49:41 UTC] PHP Warning:  Trying to access array offset on value of type bool in /var/www/html/wp-content/themes/storefront/inc/storefront-template-functions.php on line 840
[07-Apr-2025 03:49:42 UTC] The WC_Cart::get_cart_url function is deprecated since version 2.5. Replace with wc_get_cart_url.
[07-Apr-2025 03:49:42 UTC] The WC_Cart::get_cart_url function is deprecated since version 2.5. Replace with wc_get_cart_url.
[07-Apr-2025 03:49:52 UTC] PHP Warning:  Trying to access array offset on value of type bool in /var/www/html/wp-content/themes/storefront/inc/storefront-template-functions.php on line 828
[07-Apr-2025 03:49:52 UTC] PHP Warning:  Trying to access array offset on value of type bool in /var/www/html/wp-content/themes/storefront/inc/storefront-template-functions.php on line 829
[07-Apr-2025 03:49:52 UTC] PHP Warning:  Trying to access array offset on value of type bool in /var/www/html/wp-content/themes/storefront/inc/storefront-template-functions.php on line 830
[07-Apr-2025 03:49:52 UTC] PHP Warning:  Trying to access array offset on value of type bool in /var/www/html/wp-content/themes/storefront/inc/storefront-template-functions.php on line 838
[07-Apr-2025 03:49:52 UTC] PHP Warning:  Trying to access array offset on value of type bool in /var/www/html/wp-content/themes/storefront/inc/storefront-template-functions.php on line 839
[07-Apr-2025 03:49:52 UTC] PHP Warning:  Trying to access array offset on value of type bool in /var/www/html/wp-content/themes/storefront/inc/storefront-template-functions.php on line 840
[07-Apr-2025 04:00:50 UTC] PHP Warning:  Trying to access array offset on value of type bool in /var/www/html/wp-content/themes/storefront/inc/storefront-template-functions.php on line 828
[07-Apr-2025 04:00:50 UTC] PHP Warning:  Trying to access array offset on value of type bool in /var/www/html/wp-content/themes/storefront/inc/storefront-template-functions.php on line 829
[07-Apr-2025 04:00:50 UTC] PHP Warning:  Trying to access array offset on value of type bool in /var/www/html/wp-content/themes/storefront/inc/storefront-template-functions.php on line 830
[07-Apr-2025 04:00:50 UTC] PHP Warning:  Trying to access array offset on value of type bool in /var/www/html/wp-content/themes/storefront/inc/storefront-template-functions.php on line 838
[07-Apr-2025 04:00:50 UTC] PHP Warning:  Trying to access array offset on value of type bool in /var/www/html/wp-content/themes/storefront/inc/storefront-template-functions.php on line 839
[07-Apr-2025 04:00:50 UTC] PHP Warning:  Trying to access array offset on value of type bool in /var/www/html/wp-content/themes/storefront/inc/storefront-template-functions.php on line 840
[07-Apr-2025 04:00:53 UTC] PHP Warning:  Trying to access array offset on value of type bool in /var/www/html/wp-content/themes/storefront/inc/storefront-template-functions.php on line 828
[07-Apr-2025 04:00:53 UTC] PHP Warning:  Trying to access array offset on value of type bool in /var/www/html/wp-content/themes/storefront/inc/storefront-template-functions.php on line 829
[07-Apr-2025 04:00:53 UTC] PHP Warning:  Trying to access array offset on value of type bool in /var/www/html/wp-content/themes/storefront/inc/storefront-template-functions.php on line 830
[07-Apr-2025 04:00:53 UTC] PHP Warning:  Trying to access array offset on value of type bool in /var/www/html/wp-content/themes/storefront/inc/storefront-template-functions.php on line 838
[07-Apr-2025 04:00:53 UTC] PHP Warning:  Trying to access array offset on value of type bool in /var/www/html/wp-content/themes/storefront/inc/storefront-template-functions.php on line 839
[07-Apr-2025 04:00:53 UTC] PHP Warning:  Trying to access array offset on value of type bool in /var/www/html/wp-content/themes/storefront/inc/storefront-template-functions.php on line 840
[07-Apr-2025 04:00:56 UTC] PHP Warning:  Trying to access array offset on value of type bool in /var/www/html/wp-content/themes/storefront/inc/storefront-template-functions.php on line 828
[07-Apr-2025 04:00:56 UTC] PHP Warning:  Trying to access array offset on value of type bool in /var/www/html/wp-content/themes/storefront/inc/storefront-template-functions.php on line 829
[07-Apr-2025 04:00:56 UTC] PHP Warning:  Trying to access array offset on value of type bool in /var/www/html/wp-content/themes/storefront/inc/storefront-template-functions.php on line 830
[07-Apr-2025 04:00:56 UTC] PHP Warning:  Trying to access array offset on value of type bool in /var/www/html/wp-content/themes/storefront/inc/storefront-template-functions.php on line 838
[07-Apr-2025 04:00:56 UTC] PHP Warning:  Trying to access array offset on value of type bool in /var/www/html/wp-content/themes/storefront/inc/storefront-template-functions.php on line 839
[07-Apr-2025 04:00:56 UTC] PHP Warning:  Trying to access array offset on value of type bool in /var/www/html/wp-content/themes/storefront/inc/storefront-template-functions.php on line 840
[07-Apr-2025 04:00:58 UTC] PHP Warning:  Trying to access array offset on value of type bool in /var/www/html/wp-content/themes/storefront/inc/storefront-template-functions.php on line 828
[07-Apr-2025 04:00:58 UTC] PHP Warning:  Trying to access array offset on value of type bool in /var/www/html/wp-content/themes/storefront/inc/storefront-template-functions.php on line 829
[07-Apr-2025 04:00:58 UTC] PHP Warning:  Trying to access array offset on value of type bool in /var/www/html/wp-content/themes/storefront/inc/storefront-template-functions.php on line 830
[07-Apr-2025 04:00:58 UTC] PHP Warning:  Trying to access array offset on value of type bool in /var/www/html/wp-content/themes/storefront/inc/storefront-template-functions.php on line 838
[07-Apr-2025 04:00:58 UTC] PHP Warning:  Trying to access array offset on value of type bool in /var/www/html/wp-content/themes/storefront/inc/storefront-template-functions.php on line 839
[07-Apr-2025 04:00:58 UTC] PHP Warning:  Trying to access array offset on value of type bool in /var/www/html/wp-content/themes/storefront/inc/storefront-template-functions.php on line 840
[07-Apr-2025 04:00:59 UTC] The WC_Cart::get_cart_url function is deprecated since version 2.5. Replace with wc_get_cart_url.
[07-Apr-2025 04:00:59 UTC] The WC_Cart::get_cart_url function is deprecated since version 2.5. Replace with wc_get_cart_url.
[07-Apr-2025 04:01:00 UTC] PHP Warning:  Trying to access array offset on value of type bool in /var/www/html/wp-content/themes/storefront/inc/storefront-template-functions.php on line 828
[07-Apr-2025 04:01:00 UTC] PHP Warning:  Trying to access array offset on value of type bool in /var/www/html/wp-content/themes/storefront/inc/storefront-template-functions.php on line 829
[07-Apr-2025 04:01:00 UTC] PHP Warning:  Trying to access array offset on value of type bool in /var/www/html/wp-content/themes/storefront/inc/storefront-template-functions.php on line 830
[07-Apr-2025 04:01:00 UTC] PHP Warning:  Trying to access array offset on value of type bool in /var/www/html/wp-content/themes/storefront/inc/storefront-template-functions.php on line 838
[07-Apr-2025 04:01:00 UTC] PHP Warning:  Trying to access array offset on value of type bool in /var/www/html/wp-content/themes/storefront/inc/storefront-template-functions.php on line 839
[07-Apr-2025 04:01:00 UTC] PHP Warning:  Trying to access array offset on value of type bool in /var/www/html/wp-content/themes/storefront/inc/storefront-template-functions.php on line 840
[07-Apr-2025 04:01:15 UTC] PHP Warning:  Trying to access array offset on value of type bool in /var/www/html/wp-content/themes/storefront/inc/storefront-template-functions.php on line 828
[07-Apr-2025 04:01:15 UTC] PHP Warning:  Trying to access array offset on value of type bool in /var/www/html/wp-content/themes/storefront/inc/storefront-template-functions.php on line 829
[07-Apr-2025 04:01:15 UTC] PHP Warning:  Trying to access array offset on value of type bool in /var/www/html/wp-content/themes/storefront/inc/storefront-template-functions.php on line 830
[07-Apr-2025 04:01:15 UTC] PHP Warning:  Trying to access array offset on value of type bool in /var/www/html/wp-content/themes/storefront/inc/storefront-template-functions.php on line 838
[07-Apr-2025 04:01:15 UTC] PHP Warning:  Trying to access array offset on value of type bool in /var/www/html/wp-content/themes/storefront/inc/storefront-template-functions.php on line 839
[07-Apr-2025 04:01:15 UTC] PHP Warning:  Trying to access array offset on value of type bool in /var/www/html/wp-content/themes/storefront/inc/storefront-template-functions.php on line 840
[07-Apr-2025 04:03:27 UTC] PHP Warning:  Trying to access array offset on value of type bool in /var/www/html/wp-content/themes/storefront/inc/storefront-template-functions.php on line 828
[07-Apr-2025 04:03:27 UTC] PHP Warning:  Trying to access array offset on value of type bool in /var/www/html/wp-content/themes/storefront/inc/storefront-template-functions.php on line 829
[07-Apr-2025 04:03:27 UTC] PHP Warning:  Trying to access array offset on value of type bool in /var/www/html/wp-content/themes/storefront/inc/storefront-template-functions.php on line 830
[07-Apr-2025 04:03:27 UTC] PHP Warning:  Trying to access array offset on value of type bool in /var/www/html/wp-content/themes/storefront/inc/storefront-template-functions.php on line 838
[07-Apr-2025 04:03:27 UTC] PHP Warning:  Trying to access array offset on value of type bool in /var/www/html/wp-content/themes/storefront/inc/storefront-template-functions.php on line 839
[07-Apr-2025 04:03:27 UTC] PHP Warning:  Trying to access array offset on value of type bool in /var/www/html/wp-content/themes/storefront/inc/storefront-template-functions.php on line 840
[07-Apr-2025 04:05:09 UTC] PHP Warning:  Trying to access array offset on value of type bool in /var/www/html/wp-content/themes/storefront/inc/storefront-template-functions.php on line 828
[07-Apr-2025 04:05:09 UTC] PHP Warning:  Trying to access array offset on value of type bool in /var/www/html/wp-content/themes/storefront/inc/storefront-template-functions.php on line 829
[07-Apr-2025 04:05:09 UTC] PHP Warning:  Trying to access array offset on value of type bool in /var/www/html/wp-content/themes/storefront/inc/storefront-template-functions.php on line 830
[07-Apr-2025 04:05:09 UTC] PHP Warning:  Trying to access array offset on value of type bool in /var/www/html/wp-content/themes/storefront/inc/storefront-template-functions.php on line 838
[07-Apr-2025 04:05:09 UTC] PHP Warning:  Trying to access array offset on value of type bool in /var/www/html/wp-content/themes/storefront/inc/storefront-template-functions.php on line 839
[07-Apr-2025 04:05:09 UTC] PHP Warning:  Trying to access array offset on value of type bool in /var/www/html/wp-content/themes/storefront/inc/storefront-template-functions.php on line 840
[07-Apr-2025 04:05:20 UTC] The WC_Cart::get_cart_url function is deprecated since version 2.5. Replace with wc_get_cart_url.
[07-Apr-2025 04:05:20 UTC] The WC_Cart::get_cart_url function is deprecated since version 2.5. Replace with wc_get_cart_url.
[07-Apr-2025 04:05:26 UTC] The WC_Cart::get_cart_url function is deprecated since version 2.5. Replace with wc_get_cart_url.
[07-Apr-2025 04:05:26 UTC] The WC_Cart::get_cart_url function is deprecated since version 2.5. Replace with wc_get_cart_url.
[07-Apr-2025 04:05:56 UTC] PHP Warning:  Trying to access array offset on value of type bool in /var/www/html/wp-content/themes/storefront/inc/storefront-template-functions.php on line 828
[07-Apr-2025 04:05:56 UTC] PHP Warning:  Trying to access array offset on value of type bool in /var/www/html/wp-content/themes/storefront/inc/storefront-template-functions.php on line 829
[07-Apr-2025 04:05:56 UTC] PHP Warning:  Trying to access array offset on value of type bool in /var/www/html/wp-content/themes/storefront/inc/storefront-template-functions.php on line 830
[07-Apr-2025 04:05:56 UTC] PHP Warning:  Trying to access array offset on value of type bool in /var/www/html/wp-content/themes/storefront/inc/storefront-template-functions.php on line 838
[07-Apr-2025 04:05:56 UTC] PHP Warning:  Trying to access array offset on value of type bool in /var/www/html/wp-content/themes/storefront/inc/storefront-template-functions.php on line 839
[07-Apr-2025 04:05:56 UTC] PHP Warning:  Trying to access array offset on value of type bool in /var/www/html/wp-content/themes/storefront/inc/storefront-template-functions.php on line 840
[07-Apr-2025 04:09:03 UTC] The WC_Cart::get_cart_url function is deprecated since version 2.5. Replace with wc_get_cart_url.
[07-Apr-2025 04:09:03 UTC] The WC_Cart::get_cart_url function is deprecated since version 2.5. Replace with wc_get_cart_url.
[07-Apr-2025 04:09:35 UTC] PHP Warning:  Trying to access array offset on value of type bool in /var/www/html/wp-content/themes/storefront/inc/storefront-template-functions.php on line 828
[07-Apr-2025 04:09:35 UTC] PHP Warning:  Trying to access array offset on value of type bool in /var/www/html/wp-content/themes/storefront/inc/storefront-template-functions.php on line 829
[07-Apr-2025 04:09:35 UTC] PHP Warning:  Trying to access array offset on value of type bool in /var/www/html/wp-content/themes/storefront/inc/storefront-template-functions.php on line 830
[07-Apr-2025 04:09:35 UTC] PHP Warning:  Trying to access array offset on value of type bool in /var/www/html/wp-content/themes/storefront/inc/storefront-template-functions.php on line 838
[07-Apr-2025 04:09:35 UTC] PHP Warning:  Trying to access array offset on value of type bool in /var/www/html/wp-content/themes/storefront/inc/storefront-template-functions.php on line 839
[07-Apr-2025 04:09:35 UTC] PHP Warning:  Trying to access array offset on value of type bool in /var/www/html/wp-content/themes/storefront/inc/storefront-template-functions.php on line 840
[07-Apr-2025 04:09:37 UTC] PHP Warning:  Trying to access array offset on value of type bool in /var/www/html/wp-content/themes/storefront/inc/storefront-template-functions.php on line 828
[07-Apr-2025 04:09:37 UTC] PHP Warning:  Trying to access array offset on value of type bool in /var/www/html/wp-content/themes/storefront/inc/storefront-template-functions.php on line 829
[07-Apr-2025 04:09:37 UTC] PHP Warning:  Trying to access array offset on value of type bool in /var/www/html/wp-content/themes/storefront/inc/storefront-template-functions.php on line 830
[07-Apr-2025 04:09:37 UTC] PHP Warning:  Trying to access array offset on value of type bool in /var/www/html/wp-content/themes/storefront/inc/storefront-template-functions.php on line 838
[07-Apr-2025 04:09:37 UTC] PHP Warning:  Trying to access array offset on value of type bool in /var/www/html/wp-content/themes/storefront/inc/storefront-template-functions.php on line 839
[07-Apr-2025 04:09:37 UTC] PHP Warning:  Trying to access array offset on value of type bool in /var/www/html/wp-content/themes/storefront/inc/storefront-template-functions.php on line 840
[07-Apr-2025 04:09:39 UTC] PHP Warning:  Trying to access array offset on value of type bool in /var/www/html/wp-content/themes/storefront/inc/storefront-template-functions.php on line 828
[07-Apr-2025 04:09:39 UTC] PHP Warning:  Trying to access array offset on value of type bool in /var/www/html/wp-content/themes/storefront/inc/storefront-template-functions.php on line 829
[07-Apr-2025 04:09:39 UTC] PHP Warning:  Trying to access array offset on value of type bool in /var/www/html/wp-content/themes/storefront/inc/storefront-template-functions.php on line 830
[07-Apr-2025 04:09:39 UTC] PHP Warning:  Trying to access array offset on value of type bool in /var/www/html/wp-content/themes/storefront/inc/storefront-template-functions.php on line 838
[07-Apr-2025 04:09:39 UTC] PHP Warning:  Trying to access array offset on value of type bool in /var/www/html/wp-content/themes/storefront/inc/storefront-template-functions.php on line 839
[07-Apr-2025 04:09:39 UTC] PHP Warning:  Trying to access array offset on value of type bool in /var/www/html/wp-content/themes/storefront/inc/storefront-template-functions.php on line 840
[07-Apr-2025 04:09:48 UTC] PHP Warning:  Trying to access array offset on value of type bool in /var/www/html/wp-content/themes/storefront/inc/storefront-template-functions.php on line 828
[07-Apr-2025 04:09:48 UTC] PHP Warning:  Trying to access array offset on value of type bool in /var/www/html/wp-content/themes/storefront/inc/storefront-template-functions.php on line 829
[07-Apr-2025 04:09:48 UTC] PHP Warning:  Trying to access array offset on value of type bool in /var/www/html/wp-content/themes/storefront/inc/storefront-template-functions.php on line 830
[07-Apr-2025 04:09:48 UTC] PHP Warning:  Trying to access array offset on value of type bool in /var/www/html/wp-content/themes/storefront/inc/storefront-template-functions.php on line 838
[07-Apr-2025 04:09:48 UTC] PHP Warning:  Trying to access array offset on value of type bool in /var/www/html/wp-content/themes/storefront/inc/storefront-template-functions.php on line 839
[07-Apr-2025 04:09:48 UTC] PHP Warning:  Trying to access array offset on value of type bool in /var/www/html/wp-content/themes/storefront/inc/storefront-template-functions.php on line 840
[07-Apr-2025 04:09:49 UTC] The WC_Cart::get_cart_url function is deprecated since version 2.5. Replace with wc_get_cart_url.
[07-Apr-2025 04:09:49 UTC] The WC_Cart::get_cart_url function is deprecated since version 2.5. Replace with wc_get_cart_url.
[07-Apr-2025 04:10:33 UTC] PHP Warning:  Trying to access array offset on value of type bool in /var/www/html/wp-content/themes/storefront/inc/storefront-template-functions.php on line 828
[07-Apr-2025 04:10:33 UTC] PHP Warning:  Trying to access array offset on value of type bool in /var/www/html/wp-content/themes/storefront/inc/storefront-template-functions.php on line 829
[07-Apr-2025 04:10:33 UTC] PHP Warning:  Trying to access array offset on value of type bool in /var/www/html/wp-content/themes/storefront/inc/storefront-template-functions.php on line 830
[07-Apr-2025 04:10:33 UTC] PHP Warning:  Trying to access array offset on value of type bool in /var/www/html/wp-content/themes/storefront/inc/storefront-template-functions.php on line 838
[07-Apr-2025 04:10:33 UTC] PHP Warning:  Trying to access array offset on value of type bool in /var/www/html/wp-content/themes/storefront/inc/storefront-template-functions.php on line 839
[07-Apr-2025 04:10:33 UTC] PHP Warning:  Trying to access array offset on value of type bool in /var/www/html/wp-content/themes/storefront/inc/storefront-template-functions.php on line 840
[07-Apr-2025 04:10:53 UTC] The WC_Cart::get_cart_url function is deprecated since version 2.5. Replace with wc_get_cart_url.
[07-Apr-2025 04:10:53 UTC] The WC_Cart::get_cart_url function is deprecated since version 2.5. Replace with wc_get_cart_url.
[09-Apr-2025 02:38:29 UTC] PHP Warning:  Trying to access array offset on value of type bool in /var/www/html/wp-content/themes/storefront/inc/storefront-template-functions.php on line 828
[09-Apr-2025 02:38:29 UTC] PHP Warning:  Trying to access array offset on value of type bool in /var/www/html/wp-content/themes/storefront/inc/storefront-template-functions.php on line 829
[09-Apr-2025 02:38:29 UTC] PHP Warning:  Trying to access array offset on value of type bool in /var/www/html/wp-content/themes/storefront/inc/storefront-template-functions.php on line 830
[09-Apr-2025 02:38:29 UTC] PHP Warning:  Trying to access array offset on value of type bool in /var/www/html/wp-content/themes/storefront/inc/storefront-template-functions.php on line 838
[09-Apr-2025 02:38:29 UTC] PHP Warning:  Trying to access array offset on value of type bool in /var/www/html/wp-content/themes/storefront/inc/storefront-template-functions.php on line 839
[09-Apr-2025 02:38:29 UTC] PHP Warning:  Trying to access array offset on value of type bool in /var/www/html/wp-content/themes/storefront/inc/storefront-template-functions.php on line 840
[09-Apr-2025 02:38:30 UTC] The WC_Cart::get_cart_url function is deprecated since version 2.5. Replace with wc_get_cart_url.
[09-Apr-2025 02:38:30 UTC] The WC_Cart::get_cart_url function is deprecated since version 2.5. Replace with wc_get_cart_url.
[09-Apr-2025 02:38:42 UTC] PHP Warning:  Trying to access array offset on value of type bool in /var/www/html/wp-content/themes/storefront/inc/storefront-template-functions.php on line 828
[09-Apr-2025 02:38:42 UTC] PHP Warning:  Trying to access array offset on value of type bool in /var/www/html/wp-content/themes/storefront/inc/storefront-template-functions.php on line 829
[09-Apr-2025 02:38:42 UTC] PHP Warning:  Trying to access array offset on value of type bool in /var/www/html/wp-content/themes/storefront/inc/storefront-template-functions.php on line 830
[09-Apr-2025 02:38:42 UTC] PHP Warning:  Trying to access array offset on value of type bool in /var/www/html/wp-content/themes/storefront/inc/storefront-template-functions.php on line 838
[09-Apr-2025 02:38:42 UTC] PHP Warning:  Trying to access array offset on value of type bool in /var/www/html/wp-content/themes/storefront/inc/storefront-template-functions.php on line 839
[09-Apr-2025 02:38:42 UTC] PHP Warning:  Trying to access array offset on value of type bool in /var/www/html/wp-content/themes/storefront/inc/storefront-template-functions.php on line 840
[09-Apr-2025 03:05:22 UTC] PHP Warning:  Array to string conversion in /var/www/html/wp-includes/formatting.php on line 1096
[09-Apr-2025 03:05:54 UTC] PHP Warning:  Array to string conversion in /var/www/html/wp-includes/formatting.php on line 1096
[09-Apr-2025 03:06:11 UTC] PHP Warning:  Array to string conversion in /var/www/html/wp-includes/formatting.php on line 1096
[09-Apr-2025 03:06:19 UTC] PHP Warning:  Array to string conversion in /var/www/html/wp-includes/formatting.php on line 1096
[09-Apr-2025 03:07:29 UTC] PHP Warning:  Array to string conversion in /var/www/html/wp-includes/formatting.php on line 1096
[09-Apr-2025 03:09:09 UTC] PHP Warning:  Array to string conversion in /var/www/html/wp-includes/formatting.php on line 1096
[09-Apr-2025 03:10:12 UTC] PHP Warning:  Array to string conversion in /var/www/html/wp-includes/formatting.php on line 1096
[09-Apr-2025 03:10:50 UTC] PHP Warning:  Array to string conversion in /var/www/html/wp-includes/formatting.php on line 1096
[21-Apr-2025 03:26:05 UTC] PHP Fatal error:  Uncaught Error: Call to a member function is_purchasable() on string in /var/www/html/wp-content/themes/storefront/inc/woocommerce/storefront-woocommerce-template-functions.php:841
Stack trace:
#0 /var/www/html/wp-includes/class-wp-hook.php(324): storefront_sticky_single_add_to_cart('')
#1 /var/www/html/wp-includes/class-wp-hook.php(348): WP_Hook->apply_filters('', Array)
#2 /var/www/html/wp-includes/plugin.php(517): WP_Hook->do_action(Array)
#3 /var/www/html/wp-content/themes/storefront/footer.php(33): do_action('storefront_afte...')
#4 /var/www/html/wp-includes/template.php(810): require_once('/var/www/html/w...')
#5 /var/www/html/wp-includes/template.php(745): load_template('/var/www/html/w...', true, Array)
#6 /var/www/html/wp-includes/general-template.php(92): locate_template(Array, true, true, Array)
#7 /var/www/html/wp-content/plugins/woocommerce/src/Internal/ComingSoon/ComingSoonRequestHandler.php(92): get_footer()
#8 /var/www/html/wp-includes/class-wp-hook.php(324): Automattic\WooCommerce\Internal\ComingSoon\ComingSoonRequestHandler->handle_template_include('/var/www/html/w...')
#9 /var/www/html/wp-includes/plugin.php(205): WP_Hook->apply_filters('/var/www/html/w...', Array)
#10 /var/www/html/wp-includes/template-loader.php(104): apply_filters('template_includ...', '/var/www/html/w...')
#11 /var/www/html/wp-blog-header.php(19): require_once('/var/www/html/w...')
#12 /var/www/html/index.php(17): require('/var/www/html/w...')
#13 {main}
  thrown in /var/www/html/wp-content/themes/storefront/inc/woocommerce/storefront-woocommerce-template-functions.php on line 841
[21-Apr-2025 03:26:17 UTC] PHP Fatal error:  Uncaught Error: Call to a member function is_purchasable() on string in /var/www/html/wp-content/themes/storefront/inc/woocommerce/storefront-woocommerce-template-functions.php:841
Stack trace:
#0 /var/www/html/wp-includes/class-wp-hook.php(324): storefront_sticky_single_add_to_cart('')
#1 /var/www/html/wp-includes/class-wp-hook.php(348): WP_Hook->apply_filters('', Array)
#2 /var/www/html/wp-includes/plugin.php(517): WP_Hook->do_action(Array)
#3 /var/www/html/wp-content/themes/storefront/footer.php(33): do_action('storefront_afte...')
#4 /var/www/html/wp-includes/template.php(810): require_once('/var/www/html/w...')
#5 /var/www/html/wp-includes/template.php(745): load_template('/var/www/html/w...', true, Array)
#6 /var/www/html/wp-includes/general-template.php(92): locate_template(Array, true, true, Array)
#7 /var/www/html/wp-content/plugins/woocommerce/src/Internal/ComingSoon/ComingSoonRequestHandler.php(92): get_footer()
#8 /var/www/html/wp-includes/class-wp-hook.php(324): Automattic\WooCommerce\Internal\ComingSoon\ComingSoonRequestHandler->handle_template_include('/var/www/html/w...')
#9 /var/www/html/wp-includes/plugin.php(205): WP_Hook->apply_filters('/var/www/html/w...', Array)
#10 /var/www/html/wp-includes/template-loader.php(104): apply_filters('template_includ...', '/var/www/html/w...')
#11 /var/www/html/wp-blog-header.php(19): require_once('/var/www/html/w...')
#12 /var/www/html/index.php(17): require('/var/www/html/w...')
#13 {main}
  thrown in /var/www/html/wp-content/themes/storefront/inc/woocommerce/storefront-woocommerce-template-functions.php on line 841
[21-Apr-2025 03:28:36 UTC] PHP Warning:  Array to string conversion in /var/www/html/wp-includes/formatting.php on line 1096
[21-Apr-2025 03:28:38 UTC] PHP Warning:  Array to string conversion in /var/www/html/wp-includes/formatting.php on line 1096
[07-May-2025 05:38:59 UTC] WordPress database error <div style="clear:both">&nbsp;</div>
<div class="queries" style="clear:both;margin-bottom:2px;border:red dotted thin;">
<p>MySQL query:</p>
<p>ALTER TABLE wp_woocommerce_downloadable_product_permissions DROP PRIMARY KEY, ADD `permission_id` bigint(20) unsigned NOT NULL PRIMARY KEY AUTO_INCREMENT;</p>
<p>Queries made or created this session were:</p>
<ol>
<li>Executing: BEGIN | (no parameters)</li>
<li>Executing: DROP INDEX &quot;wp_woocommerce_downloadable_product_permissions__,&quot; ADD `permission_id` bigint(20) unsigned NOT NULL PRIMARY KEY AUTO_INCREMENT; | (no parameters)</li>
<li>Executing: ROLLBACK | (no parameters)</li>
</ol>
</div>
<div style="clear:both;margin-bottom:2px;border:red dotted thin;" class="error_message" style="border-bottom:dotted blue thin;">
Error occurred at line 4166 in Function <code>handle_error</code>. Error message was: SQLSTATE[HY000]: General error: 1 near "ADD": syntax error.
</div>
<p>Backtrace:</p>
<pre>#0 /var/www/html/wp-content/mu-plugins/sqlite-database-integration/wp-includes/sqlite/class-wp-sqlite-db.php(287): WP_SQLite_Translator->get_error_message()
#1 /var/www/html/wp-content/plugins/woocommerce/includes/class-wc-install.php(1506): WP_SQLite_DB->query('ALTER TABLE wp_...')
#2 /var/www/html/wp-content/plugins/woocommerce/includes/class-wc-install.php(535): WC_Install::create_tables()
#3 /var/www/html/wp-content/plugins/woocommerce/includes/class-wc-install.php(491): WC_Install::install_core()
#4 /var/www/html/wp-content/plugins/woocommerce/includes/class-wc-install.php(366): WC_Install::install()
#5 /var/www/html/wp-includes/class-wp-hook.php(324): WC_Install::check_version('')
#6 /var/www/html/wp-includes/class-wp-hook.php(348): WP_Hook->apply_filters(NULL, Array)
#7 /var/www/html/wp-includes/plugin.php(517): WP_Hook->do_action(Array)
#8 /var/www/html/wp-settings.php(727): do_action('init')
#9 /var/www/html/wp-config.php(102): require_once('/var/www/html/w...')
#10 /var/www/html/wp-load.php(50): require_once('/var/www/html/w...')
#11 /var/www/html/wp-admin/admin-ajax.php(22): require_once('/var/www/html/w...')
#12 {main}</pre>
 for query ALTER TABLE wp_woocommerce_downloadable_product_permissions DROP PRIMARY KEY, ADD `permission_id` bigint(20) unsigned NOT NULL PRIMARY KEY AUTO_INCREMENT; made by require_once('wp-load.php'), require_once('wp-config.php'), require_once('wp-settings.php'), do_action('init'), WP_Hook->do_action, WP_Hook->apply_filters, WC_Install::check_version, WC_Install::install, WC_Install::install_core, WC_Install::create_tables, WP_SQLite_DB->query, WP_SQLite_DB->print_error
[07-May-2025 05:38:59 UTC] WordPress database error <div style="clear:both">&nbsp;</div>
<div class="queries" style="clear:both;margin-bottom:2px;border:red dotted thin;">
<p>MySQL query:</p>
<p>SHOW KEYS FROM wp_woocommerce_sessions WHERE Key_name = 'PRIMARY' AND Column_name = 'session_id'</p>
<p>Queries made or created this session were:</p>
<ol>
<li>Executing: BEGIN | (no parameters)</li>
<li>Executing: ROLLBACK | (no parameters)</li>
</ol>
</div>
<div style="clear:both;margin-bottom:2px;border:red dotted thin;" class="error_message" style="border-bottom:dotted blue thin;">
Error occurred at line 4166 in Function <code>handle_error</code>. Error message was: Unknown show type: KEYS FROM.
</div>
<p>Backtrace:</p>
<pre>#0 /var/www/html/wp-content/mu-plugins/sqlite-database-integration/wp-includes/sqlite/class-wp-sqlite-db.php(287): WP_SQLite_Translator->get_error_message()
#1 /var/www/html/wp-includes/class-wpdb.php(3031): WP_SQLite_DB->query('SHOW KEYS FROM ...')
#2 /var/www/html/wp-content/plugins/woocommerce/includes/class-wc-install.php(1519): wpdb->get_var('SHOW KEYS FROM ...')
#3 /var/www/html/wp-content/plugins/woocommerce/includes/class-wc-install.php(535): WC_Install::create_tables()
#4 /var/www/html/wp-content/plugins/woocommerce/includes/class-wc-install.php(491): WC_Install::install_core()
#5 /var/www/html/wp-content/plugins/woocommerce/includes/class-wc-install.php(366): WC_Install::install()
#6 /var/www/html/wp-includes/class-wp-hook.php(324): WC_Install::check_version('')
#7 /var/www/html/wp-includes/class-wp-hook.php(348): WP_Hook->apply_filters(NULL, Array)
#8 /var/www/html/wp-includes/plugin.php(517): WP_Hook->do_action(Array)
#9 /var/www/html/wp-settings.php(727): do_action('init')
#10 /var/www/html/wp-config.php(102): require_once('/var/www/html/w...')
#11 /var/www/html/wp-load.php(50): require_once('/var/www/html/w...')
#12 /var/www/html/wp-admin/admin-ajax.php(22): require_once('/var/www/html/w...')
#13 {main}</pre>
 for query SHOW KEYS FROM wp_woocommerce_sessions WHERE Key_name = 'PRIMARY' AND Column_name = 'session_id' made by require_once('wp-load.php'), require_once('wp-config.php'), require_once('wp-settings.php'), do_action('init'), WP_Hook->do_action, WP_Hook->apply_filters, WC_Install::check_version, WC_Install::install, WC_Install::install_core, WC_Install::create_tables, WP_SQLite_DB->query, WP_SQLite_DB->print_error
[07-May-2025 05:38:59 UTC] WordPress database error <div style="clear:both">&nbsp;</div>
<div class="queries" style="clear:both;margin-bottom:2px;border:red dotted thin;">
<p>MySQL query:</p>
<p>ALTER TABLE `wp_woocommerce_sessions` DROP PRIMARY KEY, DROP KEY `session_id`, ADD PRIMARY KEY(`session_id`), ADD UNIQUE KEY(`session_key`)</p>
<p>Queries made or created this session were:</p>
<ol>
<li>Executing: BEGIN | (no parameters)</li>
<li>Executing: DROP INDEX &quot;wp_woocommerce_sessions__,&quot; DROP KEY `session_id` | (no parameters)</li>
<li>Executing: ROLLBACK | (no parameters)</li>
</ol>
</div>
<div style="clear:both;margin-bottom:2px;border:red dotted thin;" class="error_message" style="border-bottom:dotted blue thin;">
Error occurred at line 4166 in Function <code>handle_error</code>. Error message was: SQLSTATE[HY000]: General error: 1 near "DROP": syntax error.
</div>
<p>Backtrace:</p>
<pre>#0 /var/www/html/wp-content/mu-plugins/sqlite-database-integration/wp-includes/sqlite/class-wp-sqlite-db.php(287): WP_SQLite_Translator->get_error_message()
#1 /var/www/html/wp-content/plugins/woocommerce/includes/class-wc-install.php(1520): WP_SQLite_DB->query('ALTER TABLE `wp...')
#2 /var/www/html/wp-content/plugins/woocommerce/includes/class-wc-install.php(535): WC_Install::create_tables()
#3 /var/www/html/wp-content/plugins/woocommerce/includes/class-wc-install.php(491): WC_Install::install_core()
#4 /var/www/html/wp-content/plugins/woocommerce/includes/class-wc-install.php(366): WC_Install::install()
#5 /var/www/html/wp-includes/class-wp-hook.php(324): WC_Install::check_version('')
#6 /var/www/html/wp-includes/class-wp-hook.php(348): WP_Hook->apply_filters(NULL, Array)
#7 /var/www/html/wp-includes/plugin.php(517): WP_Hook->do_action(Array)
#8 /var/www/html/wp-settings.php(727): do_action('init')
#9 /var/www/html/wp-config.php(102): require_once('/var/www/html/w...')
#10 /var/www/html/wp-load.php(50): require_once('/var/www/html/w...')
#11 /var/www/html/wp-admin/admin-ajax.php(22): require_once('/var/www/html/w...')
#12 {main}</pre>
 for query ALTER TABLE `wp_woocommerce_sessions` DROP PRIMARY KEY, DROP KEY `session_id`, ADD PRIMARY KEY(`session_id`), ADD UNIQUE KEY(`session_key`) made by require_once('wp-load.php'), require_once('wp-config.php'), require_once('wp-settings.php'), do_action('init'), WP_Hook->do_action, WP_Hook->apply_filters, WC_Install::check_version, WC_Install::install, WC_Install::install_core, WC_Install::create_tables, WP_SQLite_DB->query, WP_SQLite_DB->print_error
[07-May-2025 05:38:59 UTC] WordPress database error <div style="clear:both">&nbsp;</div>
<div class="queries" style="clear:both;margin-bottom:2px;border:red dotted thin;">
<p>MySQL query:</p>
<p>ALTER TABLE wp_wc_product_attributes_lookup ADD PRIMARY KEY  (`product_or_parent_id`,`term_id`,`product_id`,`taxonomy`)</p>
<p>Queries made or created this session were:</p>
<ol>
<li>Executing: BEGIN | (no parameters)</li>
<li>Executing: INSERT INTO _mysql_data_types_cache (`table`, `column_or_index`, `mysql_type`)
				VALUES (:table, :column, :datatype)
				ON CONFLICT(`table`, `column_or_index`) DO UPDATE SET `mysql_type` = :datatype
			 | parameters: wp_wc_product_attributes_lookup, wp_wc_product_attributes_lookup__(, PRIMARY</li>
<li>Executing: CREATE PRIMARY KEY &quot;wp_wc_product_attributes_lookup__(&quot; ON &quot;wp_wc_product_attributes_lookup&quot; (,`term_id`,`product_id`,`taxonomy`) | (no parameters)</li>
<li>Executing: ROLLBACK | (no parameters)</li>
</ol>
</div>
<div style="clear:both;margin-bottom:2px;border:red dotted thin;" class="error_message" style="border-bottom:dotted blue thin;">
Error occurred at line 4166 in Function <code>handle_error</code>. Error message was: SQLSTATE[HY000]: General error: 1 near "PRIMARY": syntax error.
</div>
<p>Backtrace:</p>
<pre>#0 /var/www/html/wp-content/mu-plugins/sqlite-database-integration/wp-includes/sqlite/class-wp-sqlite-db.php(287): WP_SQLite_Translator->get_error_message()
#1 /var/www/html/wp-admin/includes/upgrade.php(3280): WP_SQLite_DB->query('ALTER TABLE wp_...')
#2 /var/www/html/wp-content/plugins/woocommerce/includes/class-wc-install.php(1526): dbDelta(Array)
#3 /var/www/html/wp-content/plugins/woocommerce/includes/class-wc-install.php(535): WC_Install::create_tables()
#4 /var/www/html/wp-content/plugins/woocommerce/includes/class-wc-install.php(491): WC_Install::install_core()
#5 /var/www/html/wp-content/plugins/woocommerce/includes/class-wc-install.php(366): WC_Install::install()
#6 /var/www/html/wp-includes/class-wp-hook.php(324): WC_Install::check_version('')
#7 /var/www/html/wp-includes/class-wp-hook.php(348): WP_Hook->apply_filters(NULL, Array)
#8 /var/www/html/wp-includes/plugin.php(517): WP_Hook->do_action(Array)
#9 /var/www/html/wp-settings.php(727): do_action('init')
#10 /var/www/html/wp-config.php(102): require_once('/var/www/html/w...')
#11 /var/www/html/wp-load.php(50): require_once('/var/www/html/w...')
#12 /var/www/html/wp-admin/admin-ajax.php(22): require_once('/var/www/html/w...')
#13 {main}</pre>
 for query ALTER TABLE wp_wc_product_attributes_lookup ADD PRIMARY KEY  (`product_or_parent_id`,`term_id`,`product_id`,`taxonomy`) made by require_once('wp-load.php'), require_once('wp-config.php'), require_once('wp-settings.php'), do_action('init'), WP_Hook->do_action, WP_Hook->apply_filters, WC_Install::check_version, WC_Install::install, WC_Install::install_core, WC_Install::create_tables, dbDelta, WP_SQLite_DB->query, WP_SQLite_DB->print_error
[07-May-2025 05:38:59 UTC] WordPress database error <div style="clear:both">&nbsp;</div>
<div class="queries" style="clear:both;margin-bottom:2px;border:red dotted thin;">
<p>MySQL query:</p>
<p>ALTER TABLE wp_wc_product_attributes_lookup ADD PRIMARY KEY  (`product_or_parent_id`,`term_id`,`product_id`,`taxonomy`)</p>
<p>Queries made or created this session were:</p>
<ol>
<li>Executing: BEGIN | (no parameters)</li>
<li>Executing: INSERT INTO _mysql_data_types_cache (`table`, `column_or_index`, `mysql_type`)
				VALUES (:table, :column, :datatype)
				ON CONFLICT(`table`, `column_or_index`) DO UPDATE SET `mysql_type` = :datatype
			 | parameters: wp_wc_product_attributes_lookup, wp_wc_product_attributes_lookup__(, PRIMARY</li>
<li>Executing: CREATE PRIMARY KEY &quot;wp_wc_product_attributes_lookup__(&quot; ON &quot;wp_wc_product_attributes_lookup&quot; (,`term_id`,`product_id`,`taxonomy`) | (no parameters)</li>
<li>Executing: ROLLBACK | (no parameters)</li>
</ol>
</div>
<div style="clear:both;margin-bottom:2px;border:red dotted thin;" class="error_message" style="border-bottom:dotted blue thin;">
Error occurred at line 4166 in Function <code>handle_error</code>. Error message was: SQLSTATE[HY000]: General error: 1 near "PRIMARY": syntax error.
</div>
<p>Backtrace:</p>
<pre>#0 /var/www/html/wp-content/mu-plugins/sqlite-database-integration/wp-includes/sqlite/class-wp-sqlite-db.php(287): WP_SQLite_Translator->get_error_message()
#1 /var/www/html/wp-admin/includes/upgrade.php(3280): WP_SQLite_DB->query('ALTER TABLE wp_...')
#2 /var/www/html/wp-content/plugins/woocommerce/src/Internal/Utilities/DatabaseUtil.php(27): dbDelta(Array, true)
#3 /var/www/html/wp-content/plugins/woocommerce/src/Internal/ProductAttributesLookup/DataRegenerator.php(156): Automattic\WooCommerce\Internal\Utilities\DatabaseUtil->dbdelta('CREATE TABLE wp...')
#4 /var/www/html/wp-content/plugins/woocommerce/src/Internal/ProductAttributesLookup/DataRegenerator.php(108): Automattic\WooCommerce\Internal\ProductAttributesLookup\DataRegenerator->initialize_table_and_data()
#5 /var/www/html/wp-content/plugins/woocommerce/src/Internal/ProductAttributesLookup/DataRegenerator.php(583): Automattic\WooCommerce\Internal\ProductAttributesLookup\DataRegenerator->initiate_regeneration()
#6 /var/www/html/wp-includes/class-wp-hook.php(324): Automattic\WooCommerce\Internal\ProductAttributesLookup\DataRegenerator->run_woocommerce_installed_callback('')
#7 /var/www/html/wp-includes/class-wp-hook.php(348): WP_Hook->apply_filters(NULL, Array)
#8 /var/www/html/wp-includes/plugin.php(517): WP_Hook->do_action(Array)
#9 /var/www/html/wp-content/plugins/woocommerce/includes/class-wc-install.php(516): do_action('woocommerce_ins...')
#10 /var/www/html/wp-content/plugins/woocommerce/includes/class-wc-install.php(366): WC_Install::install()
#11 /var/www/html/wp-includes/class-wp-hook.php(324): WC_Install::check_version('')
#12 /var/www/html/wp-includes/class-wp-hook.php(348): WP_Hook->apply_filters(NULL, Array)
#13 /var/www/html/wp-includes/plugin.php(517): WP_Hook->do_action(Array)
#14 /var/www/html/wp-settings.php(727): do_action('init')
#15 /var/www/html/wp-config.php(102): require_once('/var/www/html/w...')
#16 /var/www/html/wp-load.php(50): require_once('/var/www/html/w...')
#17 /var/www/html/wp-admin/admin-ajax.php(22): require_once('/var/www/html/w...')
#18 {main}</pre>
 for query ALTER TABLE wp_wc_product_attributes_lookup ADD PRIMARY KEY  (`product_or_parent_id`,`term_id`,`product_id`,`taxonomy`) made by require_once('wp-load.php'), require_once('wp-config.php'), require_once('wp-settings.php'), do_action('init'), WP_Hook->do_action, WP_Hook->apply_filters, WC_Install::check_version, WC_Install::install, do_action('woocommerce_installed'), WP_Hook->do_action, WP_Hook->apply_filters, Automattic\WooCommerce\Internal\ProductAttributesLookup\DataRegenerator->run_woocommerce_installed_callback, Automattic\WooCommerce\Internal\ProductAttributesLookup\DataRegenerator->initiate_regeneration, Automattic\WooCommerce\Internal\ProductAttributesLookup\DataRegenerator->initialize_table_and_data, Automattic\WooCommerce\Internal\Utilities\DatabaseUtil->dbdelta, dbDelta, WP_SQLite_DB->query, WP_SQLite_DB->print_error
[07-May-2025 05:44:02 UTC] PHP Warning:  Array to string conversion in /var/www/html/wp-includes/formatting.php on line 1096
[07-May-2025 05:45:11 UTC] PHP Warning:  Array to string conversion in /var/www/html/wp-includes/formatting.php on line 1096
[07-May-2025 05:49:14 UTC] PHP Warning:  Array to string conversion in /var/www/html/wp-includes/formatting.php on line 1096
[07-May-2025 05:49:20 UTC] PHP Warning:  Array to string conversion in /var/www/html/wp-includes/formatting.php on line 1096
[07-May-2025 05:51:11 UTC] PHP Warning:  Array to string conversion in /var/www/html/wp-includes/formatting.php on line 1096
[07-May-2025 10:28:38 UTC] WordPress database error <div style="clear:both">&nbsp;</div>
<div class="queries" style="clear:both;margin-bottom:2px;border:red dotted thin;">
<p>MySQL query:</p>
<p>ALTER TABLE wp_simply_static_pages CHANGE COLUMN `http_status_code` http_status_code SMALLINT(20) NULL</p>
<p>Queries made or created this session were:</p>
<ol>
<li>Executing: BEGIN | (no parameters)</li>
<li>Executing: INSERT INTO _mysql_data_types_cache (`table`, `column_or_index`, `mysql_type`)
				VALUES (:table, :column, :datatype)
				ON CONFLICT(`table`, `column_or_index`) DO UPDATE SET `mysql_type` = :datatype
			 | parameters: wp_simply_static_pages, http_status_code, smallint(20)</li>
<li>Executing: DROP TRIGGER IF EXISTS &quot;__wp_simply_static_pages_http_status_code_on_update__&quot; | (no parameters)</li>
<li>Executing: SELECT sql FROM sqlite_master WHERE type=&quot;table&quot; AND name=:table | (no parameters)</li>
<li>Executing: SELECT * FROM pragma_index_list(&quot;wp_simply_static_pages&quot;) as l; | (no parameters)</li>
<li>Executing: SELECT * FROM pragma_index_info(&quot;wp_simply_static_pages__last_transferred_at&quot;) as l; | (no parameters)</li>
<li>Executing: SELECT * FROM pragma_index_info(&quot;wp_simply_static_pages__last_modified_at&quot;) as l; | (no parameters)</li>
<li>Executing: SELECT * FROM pragma_index_info(&quot;wp_simply_static_pages__last_checked_at&quot;) as l; | (no parameters)</li>
<li>Executing: SELECT * FROM pragma_index_info(&quot;wp_simply_static_pages__url&quot;) as l; | (no parameters)</li>
<li>Executing: CREATE TABLE `_tmp__wp_simply_static_pages_97340722` as SELECT * FROM `wp_simply_static_pages` | (no parameters)</li>
<li>Executing: DROP TABLE `wp_simply_static_pages` | (no parameters)</li>
<li>Executing: CREATE TABLE &quot;wp_simply_static_pages&quot; (
                                                                                                                                                                                                                                                                                                                                                                                                                                                                                                                                                                                                                                                                                                                                                                                                                                                                                                                                                                                                                                                                                                                                                                                                                                                                                                                                                                                                                                                                                                                                                                                                                                                                                                                                                                                                                                                                                                                                                                                                                                                                                                                                                                                                                                                                                                                                                                                                                                                                                                                                                                                                                                                                                                                                                                                                                                                                                                                                                                                                                                                                                                                                                                                                                                                                                                                                                                                                                                                                                                                                                                                                                                                                                                                                                                                                                                                                                                                                                                                                                                                                                                                                                                                                                                                                                                                                                                                                                                                                                                                                                                                                                                                                                                                                                                                                                                                                                                                                                                                                                                                                                                                                                                                                                                                                                                                                                                                                                                                                                                                                                                                                                                                                                                                                                                                                                                                                                                                                                                                                                                                                                                                                                                                                                                                                                                                                                                                                                                                                                                                                                                                                                                                                                                                                                                                                                                                                                                                                                                                                                                                                                                                                                                                                                                                                                                                                                                                                                                                                                                                                                                                                                                                                                                                                                                                                                                                                                                                                                                                                                                                                                                                                                                                                                                                                                                                                                                                                                                                                                                                                                                                                                                                                                                                                                                                                                                                                                                                                                                                                                                                                                                                                                                                                                                                                                                                                                                                                                                                                                                                                                                                                                                                                                                                                                                                                                                                                                                                                                                                                                                                                                                                                                                                                                                                                                                                                                                                                                                                                                                                                                                                                                                                                                                                                                                                                                                                                                                                                                                                                                                                                                                                                                                                                                                                                                                                                                                                                                                                                                                                                                                                                                                                                                                                                                                                                                                                                                                                                                                                                                                                                                                                                                                                                                                                                                                                                                                                                                                                                                                                                                                                                                                                                                                                                                                                                                                                                                                                                                                                                                                                                                                                                                                                                                                                                                                                                                                                                                                                                                                                                                                                                                                                                                                                                                                                                                                                                                                                                                                                                                                                                                                                                                                                                                                                                                                                                                                                                                                                                                                                                                                                                                                                                                                                                                                                                                                                                                                                                                                                                                                                                                                                                                                                                                                                                                                                                                                                                                                                                                                                                                                                                                                                                                                                                                                                                                                                                                                                                                                                                                                                                                                                                                                                                                                                                                                                                                                                                                                                                                                                                                                                                                                                                                                                                                                                                                                                                                                                                                                                                                                                                                                                                                                                                                                                                                                                                                                                                                                                                                                                                                                                                                                                                                                                                                                                                                                                                                                                                                                                                                                                                                                                                                                                             &quot;id&quot; integer PRIMARY KEY AUTOINCREMENT NOT NULL ON CONFLICT REPLACE DEFAULT 0,
                                                                                                                                                                                                                                                                                                                                                                                                                                                                                                                                                                                                                                                                                                                                                                                                                                                                                                                                                                                                                                                                                                                                                                                                                                                                                                                                                                                                                                                                                                                                                                                                                                                                                                                                                                                                                                                                                                                                                                                                                     &quot;build_id&quot; integer,
                                                                                                                                                                                                                                                                                                                                                                                                                                                                                                                                                                                                                                                                                                                                                                                                                                                                                                                                                                                                                                                                                                                                                                                                                                                                                                                                                                                                                                                                                                                                                                                                                                                                                                                                                                                                                                                                                                                                                                                                                     &quot;post_id&quot; integer,
                                                                                                                                                                                                                                                                                                                                                                                                                                                                                                                                                                                                                                                                                                                                                                                                                                                                                                                                                                                                                                                                                                                                                                                                                                                                                                                                                                                                                                                                                                                                                                                                                                                                                                                                                                                                                                                                                                                                                                                                                     &quot;found_on_id&quot; integer,
                                                                                                                                                                                                                                                                                                                                                                                                                                                                                                                                                                                                                                                                                                                                                                                                                                                                                                                                                                                                                                                                                                                                                                                                                                                                                                                                                                                                                                                                                                                                                                                                                                                                                                                                                                                                                                                                                                                                                                                                                     &quot;site_id&quot; integer,
                                                                                                                                                                                                                                                                                                                                                                                                                                                                                                                                                                                                                                                                                                                                                                                                                                                                                                                                                                                                                                                                                                                                                                                                                                                                                                                                                                                                                                                                                                                                                                                                                                                                                                                                                                                                                                                                                                                                                                                                                                                                                                                                                                                                                                                                                                                                                                                                                                                                                                                                                                                                                                                                                                                                                                                                                                                                                                                                                                                                                                                                                                                                                                                                                                                                                                                                                                                                                                                                                                                                                                                                                                                                                                                                                                                                                                                                                                                                                                                                                                                                                                                                                                                                                                                                                                                                                                                                                                                                                                                                                                                                                                                                                                                                                                                                                                                                                                                                                                                                                                                                                                                                                                                                                                                                                                                                                                                                                                                                                                                                                                                                                                                                                                                                                                                                                                                                                                                                                                                                                                                                                                                                                                                                                                                                                                                                                                                                                                                                                                                                                                                                                                                                                                                                                                                                                                                                                                                                                                                                                                                                                                                                                                                                                                                                                                                                                                                                                                                                                                                                                                                                                                                                                                                                                                                                                                                                                                                                                                                                                                                                                                                                                                                                                                                                                                                                                                                                                                                                                                                                                                                                                                                                                                                                                                                                                                                                                                                                                                                                                                                                                                                                                                                                                                                                                                                                                                                                                                                                                                                                                                                                                                                                                                                                                                                                                                                                                                                                                                                                                                                                                                                                                                                                                                                                                                                                                                                                                                                                                                                                                                                                                                                                                                                                                                                                                                                                                                                                                                                                                                                                                                                                                                                                                                                                                                                                                                                                                                                                                                                                                                                                                                                                                                                                                                                                                                                                                                                                                                                                                                                                                                                                                                                                                                                                                                                                                                                                                                                                                                                                                                                                                                                                                                                                                                                                                                                                                                                                                                                                                                                                                                                                                                                                                                                                                                                                                                                                                                                                                                                                                                                                                                                                                                                                                                                                                                                                                                                                                                                                                                                                                                                                                                                                                                                                                                                                                                                                                                                                                                                                                                                                                                                                                                                                                                                                                                                                                                                                                                                                                                                                                                                                                                                                                                                                                                                                                                                                                                                                                                                                                                                                                                                                                                                                                                                                                                                                                                                                                                                                                                                                                                                                                                                                                                                                                                                                                                                                                                                                                                                                                                                                                                                                                                                                                                                                                                                                                                                                                                                                                                                                                                                                                                                                                                                                                                                                                                                                                                                                                                                                                                                                                                                                                                                                                                                                                                                                                                                                                                                                                                                                                                                                                                                             &quot;url&quot; text NOT NULL ON CONFLICT REPLACE DEFAULT &#039;&#039; COLLATE NOCASE,
                                                                                                                                                                                                                                                                                                                                                                                                                                                                                                                                                                                                                                                                                                                                                                                                                                                                                                                                                                                                                                                                                                                                                                                                                                                                                                                                                                                                                                                                                                                                                                                                                                                                                                                                                                                                                                                                                                                                                                                                                                                                                                                                                                                                                                                                                                                                                                                                                                                                                                                                                                                                                                                                                                                                                                                                                                                                                                                                                                                                                                                                                                                                                                                                                                                                                                                                                                                                                                                                                                                                                                                                                                                                                                                                                                                                                                                                                                                                                                                                                                                                                                                                                                                                                                                                                                                                                                                                                                                                                                                                                                                                                                                                                                                                                                                                                                                                                                                                                                                                                                                                                                                                                                                                                                                                                                                                                                                                                                                                                                                                                                                                                                                                                                                                                                                                                                                                                                                                                                                                                                                               &quot;redirect_url&quot; text COLLATE NOCASE,
                                                                                                                                                                                                                                                                                                                                                                                                                                                                                                                                                                                                                                                                                                                                                                                                                                                                                                                                                                                                                                                                                                                                                                                                                                                                                                                                                                                                                                                                                                                                                                                                                                                                                                                                                                                                                                                                                                                                                                                                                                                                                                                                                                                                                                                                                                                                                                                                                                                                                                                                                                                                                                                                                                                                                                                                                                                                                                                                                                                                                                                                                                                                                                                                                                                                                                                                                                                                                                                                                                                                                                                                                                                                                                                                                                                                                                                                                                                                                                                                                                                                                                                                                                                                                                                                                                                                                                                                                                                                                                                                                                                                                                                                                                                                                                                                                                                                                                                                                                                                                                                                                                                                                                                                                                                                                                                                                                                                                                                                                                                                                                                                                                                                                                                                                                                                                                                                                                                                                                                                                                                               &quot;file_path&quot; text COLLATE NOCASE,
                                                                                                                                                                                                                                                                                                                                                                                                                                                                                                                                                                                                                                                                                                                                                                                                                                                                                                                                                                                                                                                                                                                                                                                                                                                                                                                                                                                                                                                                                                                                                                                                                                                                                                                                                                                                                                                                                                                                                                                                                     &quot;http_status_code&quot; integer,
                                                                                                                                                                                                                                                                                                                                                                                                                                                                                                                                                                                                                                                                                                                                                                                                                                                                                                                                                                                                                                                                                                                                                                                                                                                                                                                                                                                                                                                                                                                                                                                                                                                                                                                                                                                                                                                                                                                                                                                                                                                                                                                                                                                                                                                                                                                                                                                                                                                                                                                                                                                                                                                                                                                                                                                                                                                                                                                                                                                                                                                                                                                                                                                                                                                                                                                                                                                                                                                                                                                                                                                                                                                                                                                                                                                                                                                                                                                                                                                                                                                                                                                                                                                                                                                                                                                                                                                                                                                                                                                                                                                                                                                                                                                                                                                                                                                                                                                                                                                                                                                                                                                                                                                                                                                                                                                                                                                                                                                                                                                                                                                                                                                                                                                                                                                                                                                                                                                                                                                                                                                            &quot;content_type&quot; text COLLATE NOCASE,
                                                                                                                                                                                                                                                                                                                                                                                                                                                                                                                                                                                                                                                                                                                                                                                                                                                                                                                                                                                                                                                                                                                                                                                                                                                                                                                                                                                                                                                                                                                                                                                                                                                                                                                                                                                                                                                                                                                                                                                                                    &quot;content_hash&quot; integer,
                                                                                                                                                                                                                                                                                                                                                                                                                                                                                                                                                                                                                                                                                                                                                                                                                                                                                                                                                                                                                                                                                                                                                                                                                                                                                                                                                                                                                                                                                                                                                                                                                                                                                                                                                                                                                                                                                                                                                                                                                                                                                                                                                                                                                                                                                                                                                                                                                                                                                                                                                                                                                                                                                                                                                                                                                                                                                                                                                                                                                                                                                                                                                                                                                                                                                                                                                                                                                                                                                                                                                                                                                                                                                                                                                                                                                                                                                                                                                                                                                                                                                                                                                                                                                                                                                                                                                                                                                                                                                                                                                                                                                                                                                                                                                                                                                                                                                                                                                                                                                                                                                                                                                                                                                                                                                                                                                                                                                                                                                                                                                                                                                                                                                                                                                                                                                                                                                                                                                                                                                                                            &quot;error_message&quot; text COLLATE NOCASE,
                                                                                                                                                                                                                                                                                                                                                                                                                                                                                                                                                                                                                                                                                                                                                                                                                                                                                                                                                                                                                                                                                                                                                                                                                                                                                                                                                                                                                                                                                                                                                                                                                                                                                                                                                                                                                                                                                                                                                                                                                                                                                                                                                                                                                                                                                                                                                                                                                                                                                                                                                                                                                                                                                                                                                                                                                                                                                                                                                                                                                                                                                                                                                                                                                                                                                                                                                                                                                                                                                                                                                                                                                                                                                                                                                                                                                                                                                                                                                                                                                                                                                                                                                                                                                                                                                                                                                                                                                                                                                                                                                                                                                                                                                                                                                                                                                                                                                                                                                                                                                                                                                                                                                                                                                                                                                                                                                                                                                                                                                                                                                                                                                                                                                                                                                                                                                                                                                                                                                                                                                                                            &quot;status_message&quot; text COLLATE NOCASE,
                                                                                                                                                                                                                                                                                                                                                                                                                                                                                                                                                                                                                                                                                                                                                                                                                                                                                                                                                                                                                                                                                                                                                                                                                                                                                                                                                                                                                                                                                                                                                                                                                                                                                                                                                                                                                                                                                                                                                                                                                                                                                                                                                                                                                                                                                                                                                                                                                                                                                                                                                                                                                                                                                                                                                                                                                                                                                                                                                                                                                                                                                                                                                                                                                                                                                                                                                                                                                                                                                                                                                                                                                                                                                                                                                                                                                                                                                                                                                                                                                                                                                                                                                                                                                                                                                                                                                                                                                                                                                                                                                                                                                                                                                                                                                                                                                                                                                                                                                                                                                                                                                                                                                                                                                                                                                                                                                                                                                                                                                                                                                                                                                                                                                                                                                                                                                                                                                                                                                                                                                                                            &quot;handler&quot; text COLLATE NOCASE,
                                                                                                                                                                                                                                                                                                                                                                                                                                                                                                                                                                                                                                                                                                                                                                                                                                                                                                                                                                                                                                                                                                                                                                                                                                                                                                                                                                                                                                                                                                                                                                                                                                                                                                                                                                                                                                                                                                                                                                                                                                                                                                                                                                                                                                                                                                                                                                                                                                                                                                                                                                                                                                                                                                                                                                                                                                                                                                                                                                                                                                                                                                                                                                                                                                                                                                                                                                                                                                                                                                                                                                                                                                                                                                                                                                                                                                                                                                                                                                                                                                                                                                                                                                                                                                                                                                                                                                                                                                                                                                                                                                                                                                                                                                                                                                                                                                                                                                                                                                                                                                                                                                                                                                                                                                                                                                                                                                                                                                                                                                                                                                                                                                                                                                                                                                                                                                                                                                                                                                                                                                                            &quot;json&quot; text COLLATE NOCASE,
                                                                                                                                                                                                                                                                                                                                                                                                                                                                                                                                                                                                                                                                                                                                                                                                                                                                                                                                                                                                                                                                                                                                                                                                                                                                                                                                                                                                                                                                                                                                                                                                                                                                                                                                                                                                                                                                                                                                                                                                                                                                                                                                                                                                                                                                                                                                                                                                                                                                                                                                                                                                                                                                                                                                                                                                                                                                                                                                                                                                                                                                                                                                                                                                                                                                                                                                                                                                                                                                                                                                                                                                                                                                                                                                                                                                                                                                                                                                                                                                                                                                                                                                                                                                                                                                                                                                                                                                                                                                                                                                                                                                                                                                                                                                                                                                                                                                                                                                                                                                                                                                                                                                                                                                                                                                                                                                                                                                                                                                                                                                                                                                                                                                                                                                                                                                                                                                                                                                                                                                                                                                                                                                                                                                                                                                                                                                                                                                                                                                                                                                                                                                                                                                                                                                                                                                                                                                                                                                                                                                                                                                                                                                                                                                                                                                                                                                                                                                                                                                                                                                                                                                                                                                                                                                                                                                                                                                                                                                                                                                                                                                                                                                                                                                                                                                                                                                                                                                                                                                                                                                                                                                                                                                                                                                                                                                                                                                                                                                                                                                                                                                                                                                                                                                                                                                                                                                                                                                                                                                                                                                                                                                                                                                                                                                                                                                                                                                                                                                                                                                                                                                                                                                                                                                                                                                                                                                                                                                                                                                                                                                                                                                                                                                                                                                                                                                                                                                                                                                                                                                                                                                                                                                                                                                                                                                                                                                                                                                                                                                                                                                                                                                                                                                                                                                                                                                                                                                                                                                                                                                                                                                                                                                                                                                                                                                                                                                                                                                                                                                                                                                                                                                                                                                                                                                                                                                                                                                                                                                                                                                                                                                                                                                                                                                                                                                                                                                                                                                                                                                                                                                                                                                                                                                                                                                                                                                                                                                                                                                                                                                                                                                                                                                                                                                                                                                                                                                                                                                                                                                                                                                                                                                                                                                                                                                                                                                                                                                                                                                                                                                                                                                                                                                                                                                                                                                                                                                                                                                                                                                                                                                                                                                                                                                                                                                                                                                                                                                                                                                                                                                                                                                                                                                                                                                                                                                                                                                                                                                                                                                                                                                                                                                                                                                                                                                                                                                                                                                                                                                                                                                                                                                                                                                                                                                                                                                                                                                                                                                                                                                                                                                                                                                                                                                                                                                                                                                                                                                                                                                                                                                                                                                                                                                                                                    &quot;last_checked_at&quot; text NOT NULL ON CONFLICT REPLACE DEFAULT &#039;0000-00-00 00:00:00&#039; COLLATE NOCASE,
                                                                                                                                                                                                                                                                                                                                                                                                                                                                                                                                                                                                                                                                                                                                                                                                                                                                                                                                                                                                                                                                                                                                                                                                                                                                                                                                                                                                                                                                                                                                                                                                                                                                                                                                                                                                                                                                                                                                                                                                                                                                                                                                                                                                                                                                                                                                                                                                                                                                                                                                                                                                                                                                                                                                                                                                                                                                                                                                                                                                                                                                                                                                                                                                                                                                                                                                                                                                                                                                                                                                                                                                                                                                                                                                                                                                                                                                                                                                                                                                                                                                                                                                                                                                                                                                                                                                                                                                                                                                                                                                                                                                                                                                                                                                                                                                                                                                                                                                                                                                                                                                                                                                                                                                                                                                                                                                                                                                                                                                                                                                                                                                                                                                                                                                                                                                                                                                                                                                                                                                                                                                                                                                                                                                                                                                                                                                                                                                                                                                                                                                                                                                                                                                                                                                                                                                                                                                                                                                                                                                                                                                                                                                                                                                                                                                                                                                                                                                                                                                                                                                                                                                                                                                                                                                                                                                                                                                                                                                                                                                                                                                                                                                                                                                                                                                                                                                                                                                                                                                                                                                                                                                                                                                                                                                                                                                                                                                                                                                                                                                                                                                                                                                                                                                                                                                                                                                                                                                                                                                                                                                                                                                                                                                                                                                                                                                                                                                                                                                                                                                                                                                                                                                                                                                                                                                                                                                                                                                                                                                                                                                                                                                                                                                                                                                                                                                                                                                                                                                                                                                                                                                                                                                                                                                                                                                                                                                                                                                                                                                                                                                                                                                                                                                                                                                                                                                                                                                                                                                                                                                                                                                                                                                                                                                                                                                                                                                                                                                                                                                                                                                                                                                                                                                                                                                                                                                                                                                                                                                                                                                                                                                                                                                                                                                                                                                                                                                                                                                                                                                                                                                                                                                                                                                                                                                                                                                                                                                                                                                                                                                                                                                                                                                                                                                                                                                                                                                                                                                                                                                                                                                                                                                                                                                                                                                                                                                                                                                                                                                                                                                                                                                                                                                                                                                                                                                                                                                                                                                                                                                                                                                                                                                                                                                                                                                                                                                                                                                                                                                                                                                                                                                                                                                                                                                                                                                                                                                                                                                                                                                                                                                                                                                                                                                                                                                                                                                                                                                                                                                                                                                                                                                                                                                                                                                                                                                                                                                                                                                                                                                                                                                                                                                                                                                                                                                                                                                                                                                                                                                                                                                                                                                                                                                                                                    &quot;last_modified_at&quot; text NOT NULL ON CONFLICT REPLACE DEFAULT &#039;0000-00-00 00:00:00&#039; COLLATE NOCASE,
                                                                                                                                                                                                                                                                                                                                                                                                                                                                                                                                                                                                                                                                                                                                                                                                                                                                                                                                                                                                                                                                                                                                                                                                                                                                                                                                                                                                                                                                                                                                                                                                                                                                                                                                                                                                                                                                                                                                                                                                                                                                                                                                                                                                                                                                                                                                                                                                                                                                                                                                                                                                                                                                                                                                                                                                                                                                                                                                                                                                                                                                                                                                                                                                                                                                                                                                                                                                                                                                                                                                                                                                                                                                                                                                                                                                                                                                                                                                                                                                                                                                                                                                                                                                                                                                                                                                                                                                                                                                                                                                                                                                                                                                                                                                                                                                                                                                                                                                                                                                                                                                                                                                                                                                                                                                                                                                                                                                                                                                                                                                                                                                                                                                                                                                                                                                                                                                                                                                                                                                                                                                                                                                                                                                                                                                                                                                                                                                                                                                                                                                                                                                                                                                                                                                                                                                                                                                                                                                                                                                                                                                                                                                                                                                                                                                                                                                                                                                                                                                                                                                                                                                                                                                                                                                                                                                                                                                                                                                                                                                                                                                                                                                                                                                                                                                                                                                                                                                                                                                                                                                                                                                                                                                                                                                                                                                                                                                                                                                                                                                                                                                                                                                                                                                                                                                                                                                                                                                                                                                                                                                                                                                                                                                                                                                                                                                                                                                                                                                                                                                                                                                                                                                                                                                                                                                                                                                                                                                                                                                                                                                                                                                                                                                                                                                                                                                                                                                                                                                                                                                                                                                                                                                                                                                                                                                                                                                                                                                                                                                                                                                                                                                                                                                                                                                                                                                                                                                                                                                                                                                                                                                                                                                                                                                                                                                                                                                                                                                                                                                                                                                                                                                                                                                                                                                                                                                                                                                                                                                                                                                                                                                                                                                                                                                                                                                                                                                                                                                                                                                                                                                                                                                                                                                                                                                                                                                                                                                                                                                                                                                                                                                                                                                                                                                                                                                                                                                                                                                                                                                                                                                                                                                                                                                                                                                                                                                                                                                                                                                                                                                                                                                                                                                                                                                                                                                                                                                                                                                                                                                                                                                                                                                                                                                                                                                                                                                                                                                                                                                                                                                                                                                                                                                                                                                                                                                                                                                                                                                                                                                                                                                                                                                                                                                                                                                                                                                                                                                                                                                                                                                                                                                                                                                                                                                                                                                                                                                                                                                                                                                                                                                                                                                                                                                                                                                                                                                                                                                                                                                                                                                                                                                                                                                                                                    &quot;last_transferred_at&quot; text NOT NULL ON CONFLICT REPLACE DEFAULT &#039;0000-00-00 00:00:00&#039; COLLATE NOCASE,
                                                                                                                                                                                                                                                                                                                                                                                                                                                                                                                                                                                                                                                                                                                                                                                                                                                                                                                                                                                                                                                                                                                                                                                                                                                                                                                                                                                                                                                                                                                                                                                                                                                                                                                                                                                                                                                                                                                                                                                                                                                                                                                                                                                                                                                                                                                                                                                                                                                                                                                                                                                                                                                                                                                                                                                                                                                                                                                                                                                                                                                                                                                                                                                                                                                                                                                                                                                                                                                                                                                                                                                                                                                                                                                                                                                                                                                                                                                                                                                                                                                                                                                                                                                                                                                                                                                                                                                                                                                                                                                                                                                                                                                                                                                                                                                                                                                                                                                                                                                                                                                                                                                                                                                                                                                                                                                                                                                                                                                                                                                                                                                                                                                                                                                                                                                                                                                                                                                                                                                                                                                                                                                                                                                                                                                                                                                                                                                                                                                                                                                                                                                                                                                                                                                                                                                                                                                                                                                                                                                                                                                                                                                                                                                                                                                                                                                                                                                                                                                                                                                                                                                                                                                                                                                                                                                                                                                                                                                                                                                                                                                                                                                                                                                                                                                                                                                                                                                                                                                                                                                                                                                                                                                                                                                                                                                                                                                                                                                                                                                                                                                                                                                                                                                                                                                                                                                                                                                                                                                                                                                                                                                                                                                                                                                                                                                                                                                                                                                                                                                                                                                                                                                                                                                                                                                                                                                                                                                                                                                                                                                                                                                                                                                                                                                                                                                                                                                                                                                                                                                                                                                                                                                                                                                                                                                                                                                                                                                                                                                                                                                                                                                                                                                                                                                                                                                                                                                                                                                                                                                                                                                                                                                                                                                                                                                                                                                                                                                                                                                                                                                                                                                                                                                                                                                                                                                                                                                                                                                                                                                                                                                                                                                                                                                                                                                                                                                                                                                                                                                                                                                                                                                                                                                                                                                                                                                                                                                                                                                                                                                                                                                                                                                                                                                                                                                                                                                                                                                                                                                                                                                                                                                                                                                                                                                                                                                                                                                                                                                                                                                                                                                                                                                                                                                                                                                                                                                                                                                                                                                                                                                                                                                                                                                                                                                                                                                                                                                                                                                                                                                                                                                                                                                                                                                                                                                                                                                                                                                                                                                                                                                                                                                                                                                                                                                                                                                                                                                                                                                                                                                                                                                                                                                                                                                                                                                                                                                                                                                                                                                                                                                                                                                                                                                                                                                                                                                                                                                                                                                                                                                                                                                                                                                                                                                    &quot;created_at&quot; text NOT NULL ON CONFLICT REPLACE DEFAULT &#039;0000-00-00 00:00:00&#039; COLLATE NOCASE,
                                                                                                                                                                                                                                                                                                                                                                                                                                                                                                                                                                                                                                                                                                                                                                                                                                                                                                                                                                                                                                                                                                                                                                                                                                                                                                                                                                                                                                                                                                                                                                                                                                                                                                                                                                                                                                                                                                                                                                                                                                                                                                                                                                                                                                                                                                                                                                                                                                                                                                                                                                                                                                                                                                                                                                                                                                                                                                                                                                                                                                                                                                                                                                                                                                                                                                                                                                                                                                                                                                                                                                                                                                                                                                                                                                                                                                                                                                                                                                                                                                                                                                                                                                                                                                                                                                                                                                                                                                                                                                                                                                                                                                                                                                                                                                                                                                                                                                                                                                                                                                                                                                                                                                                                                                                                                                                                                                                                                                                                                                                                                                                                                                                                                                                                                                                                                                                                                                                                                                                                                                                                                                                                                                                                                                                                                                                                                                                                                                                                                                                                                                                                                                                                                                                                                                                                                                                                                                                                                                                                                                                                                                                                                                                                                                                                                                                                                                                                                                                                                                                                                                                                                                                                                                                                                                                                                                                                                                                                                                                                                                                                                                                                                                                                                                                                                                                                                                                                                                                                                                                                                                                                                                                                                                                                                                                                                                                                                                                                                                                                                                                                                                                                                                                                                                                                                                                                                                                                                                                                                                                                                                                                                                                                                                                                                                                                                                                                                                                                                                                                                                                                                                                                                                                                                                                                                                                                                                                                                                                                                                                                                                                                                                                                                                                                                                                                                                                                                                                                                                                                                                                                                                                                                                                                                                                                                                                                                                                                                                                                                                                                                                                                                                                                                                                                                                                                                                                                                                                                                                                                                                                                                                                                                                                                                                                                                                                                                                                                                                                                                                                                                                                                                                                                                                                                                                                                                                                                                                                                                                                                                                                                                                                                                                                                                                                                                                                                                                                                                                                                                                                                                                                                                                                                                                                                                                                                                                                                                                                                                                                                                                                                                                                                                                                                                                                                                                                                                                                                                                                                                                                                                                                                                                                                                                                                                                                                                                                                                                                                                                                                                                                                                                                                                                                                                                                                                                                                                                                                                                                                                                                                                                                                                                                                                                                                                                                                                                                                                                                                                                                                                                                                                                                                                                                                                                                                                                                                                                                                                                                                                                                                                                                                                                                                                                                                                                                                                                                                                                                                                                                                                                                                                                                                                                                                                                                                                                                                                                                                                                                                                                                                                                                                                                                                                                                                                                                                                                                                                                                                                                                                                                                                                                                                                                                    &quot;updated_at&quot; text NOT NULL ON CONFLICT REPLACE DEFAULT &#039;0000-00-00 00:00:00&#039; COLLATE NOCASE)
 | (no parameters)</li>
<li>Executing: INSERT INTO wp_simply_static_pages SELECT * FROM _tmp__wp_simply_static_pages_97340722 | (no parameters)</li>
<li>Executing: DROP TABLE `_tmp__wp_simply_static_pages_97340722` | (no parameters)</li>
<li>Executing: CREATE  INDEX IF NOT EXISTS `wp_simply_static_pages__last_transferred_at` ON wp_simply_static_pages (`last_transferred_at`) | (no parameters)</li>
<li>Executing: CREATE  INDEX IF NOT EXISTS `wp_simply_static_pages__last_modified_at` ON wp_simply_static_pages (`last_modified_at`) | (no parameters)</li>
<li>Executing: CREATE  INDEX IF NOT EXISTS `wp_simply_static_pages__last_checked_at` ON wp_simply_static_pages (`last_checked_at`) | (no parameters)</li>
<li>Executing: CREATE  INDEX IF NOT EXISTS `wp_simply_static_pages__url` ON wp_simply_static_pages (`url`) | (no parameters)</li>
<li>Executing: COMMIT | (no parameters)</li>
</ol>
</div>
<div style="clear:both;margin-bottom:2px;border:red dotted thin;" class="error_message" style="border-bottom:dotted blue thin;">
Error occurred at line 4166 in Function <code>handle_error</code>. Error message was: SQLSTATE[HY000]: General error: 10 disk I/O error.
</div>
<p>Backtrace:</p>
<pre>#0 /var/www/html/wp-content/mu-plugins/sqlite-database-integration/wp-includes/sqlite/class-wp-sqlite-db.php(287): WP_SQLite_Translator->get_error_message()
#1 /var/www/html/wp-admin/includes/upgrade.php(3280): WP_SQLite_DB->query('ALTER TABLE wp_...')
#2 /var/www/html/wp-content/plugins/simply-static/src/models/class-ss-model.php(241): dbDelta(Array)
#3 /var/www/html/wp-content/plugins/simply-static/src/class-ss-upgrade-handler.php(181): Simply_Static\Model::create_or_update_table()
#4 /var/www/html/wp-content/plugins/simply-static/src/class-ss-plugin.php(110): Simply_Static\Upgrade_Handler::run()
#5 /var/www/html/wp-content/plugins/simply-static/simply-static.php(53): Simply_Static\Plugin::instance()
#6 /var/www/html/wp-includes/class-wp-hook.php(324): simply_static_run_plugin('')
#7 /var/www/html/wp-includes/class-wp-hook.php(348): WP_Hook->apply_filters(NULL, Array)
#8 /var/www/html/wp-includes/plugin.php(517): WP_Hook->do_action(Array)
#9 /var/www/html/wp-settings.php(578): do_action('plugins_loaded')
#10 /var/www/html/wp-config.php(102): require_once('/var/www/html/w...')
#11 /var/www/html/wp-load.php(50): require_once('/var/www/html/w...')
#12 /var/www/html/wp-cron.php(46): require_once('/var/www/html/w...')
#13 {main}</pre>
 for query ALTER TABLE wp_simply_static_pages CHANGE COLUMN `http_status_code` http_status_code SMALLINT(20) NULL made by require_once('wp-load.php'), require_once('wp-config.php'), require_once('wp-settings.php'), do_action('plugins_loaded'), WP_Hook->do_action, WP_Hook->apply_filters, simply_static_run_plugin, Simply_Static\Plugin::instance, Simply_Static\Upgrade_Handler::run, Simply_Static\Model::create_or_update_table, dbDelta, WP_SQLite_DB->query, WP_SQLite_DB->print_error
